{
  "timestamp": "2026-02-19T23:19:38.522770",
  "n_folds": 11,
  "phase_2a": {
    "phase": "2a_p_revert",
    "fold_results": [
      {
        "fold": 0,
        "train_size": 161,
        "val_size": 38,
        "val_positive_rate": 0.868421052631579,
        "model_metrics": {
          "precision": 0.8888888888888888,
          "recall": 0.9696969696969697,
          "f1": 0.927536231884058,
          "auc": 0.7333333333333334
        },
        "baseline_metrics": {
          "precision": 1.0,
          "recall": 0.30303030303030304,
          "f1": 0.46511627906976744
        },
        "beats_baseline_auc": true,
        "beats_baseline_f1": true,
        "top_features": {
          "vix_percentile": 0.07662859559059143,
          "vix_spot_lag20": 0.05547814071178436,
          "vvix_lag10": 0.04727675020694733,
          "vvix": 0.04423386603593826,
          "vix_zscore_lag3": 0.043523773550987244,
          "vix_spot_lag10": 0.0396854504942894,
          "spy_drawdown_lag3": 0.03826633840799332,
          "term_slope_zscore": 0.03697410225868225,
          "skew": 0.03610580787062645,
          "vix_velocity_5d": 0.03588305041193962
        }
      },
      {
        "fold": 2,
        "train_size": 199,
        "val_size": 40,
        "val_positive_rate": 0.95,
        "model_metrics": {
          "precision": 0.9459459459459459,
          "recall": 0.9210526315789473,
          "f1": 0.9333333333333333,
          "auc": 0.868421052631579
        },
        "baseline_metrics": {
          "precision": 1.0,
          "recall": 0.47368421052631576,
          "f1": 0.6428571428571429
        },
        "beats_baseline_auc": true,
        "beats_baseline_f1": true,
        "top_features": {
          "vix_spot": 0.0759388729929924,
          "vix_percentile": 0.06048339977860451,
          "vix_spot_lag10": 0.05530528724193573,
          "vix_spot_lag20": 0.05524541437625885,
          "vvix": 0.04965164139866829,
          "spy_drawdown_lag10": 0.03759890794754028,
          "vix_zscore_lag5": 0.03284754976630211,
          "spy_drawdown_lag3": 0.03225713223218918,
          "term_slope_zscore": 0.03149497136473656,
          "vvix_lag10": 0.02992403693497181
        }
      },
      {
        "fold": 3,
        "train_size": 239,
        "val_size": 21,
        "val_positive_rate": 1.0,
        "model_metrics": {
          "precision": 1.0,
          "recall": 0.7619047619047619,
          "f1": 0.8648648648648649,
          "auc": NaN
        },
        "baseline_metrics": {
          "precision": 1.0,
          "recall": 0.23809523809523808,
          "f1": 0.38461538461538464
        },
        "beats_baseline_auc": false,
        "beats_baseline_f1": true,
        "top_features": {
          "vix_spot_lag20": 0.09861310571432114,
          "vvix": 0.06934813410043716,
          "vix_percentile": 0.06606950610876083,
          "vix_spot": 0.05933259055018425,
          "spy_drawdown_lag20": 0.04939785227179527,
          "term_slope_lag5": 0.04232846572995186,
          "vix_spot_lag10": 0.03959907591342926,
          "spy_drawdown_lag5": 0.03879575431346893,
          "vvix_lag1": 0.037080492824316025,
          "vvix_lag5": 0.037080276757478714
        }
      },
      {
        "fold": 4,
        "train_size": 260,
        "val_size": 42,
        "val_positive_rate": 0.8809523809523809,
        "model_metrics": {
          "precision": 0.8809523809523809,
          "recall": 1.0,
          "f1": 0.9367088607594937,
          "auc": 0.42162162162162165
        },
        "baseline_metrics": {
          "precision": 0.8260869565217391,
          "recall": 0.5135135135135135,
          "f1": 0.6333333333333333
        },
        "beats_baseline_auc": true,
        "beats_baseline_f1": true,
        "top_features": {
          "vix_spot_lag20": 0.08723200112581253,
          "vix_spot": 0.06438839435577393,
          "vix_percentile": 0.056491974741220474,
          "vix_spot_lag3": 0.053641773760318756,
          "vvix": 0.047325197607278824,
          "spy_drawdown_lag10": 0.03868776187300682,
          "spy_drawdown_lag20": 0.0377323217689991,
          "vvix_lag1": 0.03433267027139664,
          "term_slope_lag3": 0.032103389501571655,
          "term_slope_lag5": 0.031716980040073395
        }
      },
      {
        "fold": 5,
        "train_size": 302,
        "val_size": 32,
        "val_positive_rate": 0.875,
        "model_metrics": {
          "precision": 0.8709677419354839,
          "recall": 0.9642857142857143,
          "f1": 0.9152542372881356,
          "auc": 0.6428571428571428
        },
        "baseline_metrics": {
          "precision": 1.0,
          "recall": 0.39285714285714285,
          "f1": 0.5641025641025641
        },
        "beats_baseline_auc": true,
        "beats_baseline_f1": true,
        "top_features": {
          "vix_percentile": 0.08603224903345108,
          "vix_spot_lag20": 0.07127637416124344,
          "vvix": 0.05004352703690529,
          "vvix_lag1": 0.04177431762218475,
          "spy_velocity": 0.03979812189936638,
          "vvix_lag10": 0.038838233798742294,
          "term_slope_lag5": 0.038344528526067734,
          "vvix_lag3": 0.03794814646244049,
          "spy_drawdown_lag1": 0.034973323345184326,
          "vix_zscore_lag3": 0.033512018620967865
        }
      },
      {
        "fold": 6,
        "train_size": 334,
        "val_size": 60,
        "val_positive_rate": 0.95,
        "model_metrics": {
          "precision": 0.9444444444444444,
          "recall": 0.8947368421052632,
          "f1": 0.918918918918919,
          "auc": 0.7543859649122808
        },
        "baseline_metrics": {
          "precision": 1.0,
          "recall": 0.2631578947368421,
          "f1": 0.4166666666666667
        },
        "beats_baseline_auc": true,
        "beats_baseline_f1": true,
        "top_features": {
          "vix_percentile": 0.06829291582107544,
          "vix_spot_lag20": 0.06591261923313141,
          "vvix_lag10": 0.048744477331638336,
          "vvix_lag20": 0.048337049782276154,
          "vvix": 0.044932182878255844,
          "vix_spot_lag10": 0.038815733045339584,
          "term_slope_lag5": 0.03872760012745857,
          "vix_spot_lag3": 0.03514782339334488,
          "vvix_lag1": 0.03345760703086853,
          "vvix_lag3": 0.033036958426237106
        }
      },
      {
        "fold": 7,
        "train_size": 394,
        "val_size": 25,
        "val_positive_rate": 0.88,
        "model_metrics": {
          "precision": 1.0,
          "recall": 0.09090909090909091,
          "f1": 0.16666666666666666,
          "auc": 0.7045454545454546
        },
        "baseline_metrics": {
          "precision": 0.8571428571428571,
          "recall": 0.2727272727272727,
          "f1": 0.41379310344827586
        },
        "beats_baseline_auc": true,
        "beats_baseline_f1": false,
        "top_features": {
          "vix_percentile": 0.0738111361861229,
          "vvix": 0.07067517191171646,
          "term_slope_lag10": 0.06669612228870392,
          "vvix_lag10": 0.06492570787668228,
          "vvix_lag3": 0.06304562091827393,
          "vvix_lag1": 0.05447890982031822,
          "vix_spot_lag20": 0.05417519062757492,
          "vix_spot_lag10": 0.044436581432819366,
          "vix_spot": 0.04203249141573906,
          "vix9d_vix_ratio": 0.04174910485744476
        }
      },
      {
        "fold": 8,
        "train_size": 419,
        "val_size": 24,
        "val_positive_rate": 0.9583333333333334,
        "model_metrics": {
          "precision": 0.9583333333333334,
          "recall": 1.0,
          "f1": 0.9787234042553191,
          "auc": 0.43478260869565216
        },
        "baseline_metrics": {
          "precision": 0.9166666666666666,
          "recall": 0.4782608695652174,
          "f1": 0.6285714285714286
        },
        "beats_baseline_auc": true,
        "beats_baseline_f1": true,