{
  "timestamp": "2026-02-19T23:17:24.515923",
  "n_folds": 11,
  "phase_2a": {
    "phase": "2a_p_revert",
    "fold_results": [
      {
        "fold": 0,
        "train_size": 161,
        "val_size": 38,
        "val_positive_rate": 0.868421052631579,
        "model_metrics": {
          "precision": 0.8823529411764706,
          "recall": 0.9090909090909091,
          "f1": 0.8955223880597015,
          "auc": 0.7030303030303031
        },
        "baseline_metrics": {
          "precision": 1.0,
          "recall": 0.30303030303030304,
          "f1": 0.46511627906976744
        },
        "beats_baseline_auc": true,
        "beats_baseline_f1": true,
        "top_features": {
          "vix_percentile": 0.08524058014154434,
          "vvix": 0.053724903613328934,
          "vix_spot_lag20": 0.04988158866763115,
          "vvix_lag1": 0.041588567197322845,
          "vix9d_vix_ratio": 0.039117779582738876,
          "skew": 0.037575025111436844,
          "vvix_lag10": 0.03723091632127762,
          "vix_spot_lag10": 0.03509323671460152,
          "term_slope_lag20": 0.03480816259980202,
          "vix_velocity_3d": 0.034715402871370316
        }
      },
      {
        "fold": 2,
        "train_size": 199,
        "val_size": 40,
        "val_positive_rate": 0.95,
        "model_metrics": {
          "precision": 0.9459459459459459,
          "recall": 0.9210526315789473,
          "f1": 0.9333333333333333,
          "auc": 0.868421052631579
        },
        "baseline_metrics": {
          "precision": 1.0,
          "recall": 0.47368421052631576,
          "f1": 0.6428571428571429
        },
        "beats_baseline_auc": true,
        "beats_baseline_f1": true,
        "top_features": {
          "vix_spot": 0.08569364249706268,
          "vix_percentile": 0.05667572841048241,
          "vix_spot_lag10": 0.05204667150974274,
          "vix_zscore_lag10": 0.04760119318962097,
          "vvix": 0.0440732017159462,
          "vix_spot_lag20": 0.04154706001281738,
          "spy_drawdown": 0.03382876515388489,
          "vix_zscore_lag1": 0.031984761357307434,
          "vvix_lag20": 0.030473090708255768,
          "vvix_lag10": 0.029539035633206367
        }
      },
      {
        "fold": 3,
        "train_size": 239,
        "val_size": 21,
        "val_positive_rate": 1.0,
        "model_metrics": {
          "precision": 1.0,
          "recall": 0.7142857142857143,
          "f1": 0.8333333333333334,
          "auc": NaN
        },
        "baseline_metrics": {
          "precision": 1.0,
          "recall": 0.23809523809523808,
          "f1": 0.38461538461538464
        },
        "beats_baseline_auc": false,
        "beats_baseline_f1": true,
        "top_features": {
          "vix_spot_lag20": 0.09319213777780533,
          "vix_spot": 0.07997860759496689,
          "vvix": 0.07899700850248337,
          "vix_percentile": 0.07813466340303421,
          "spy_drawdown_lag20": 0.062047164887189865,
          "vix_spot_lag10": 0.054760802537202835,
          "vvix_lag1": 0.04481694474816322,
          "spy_drawdown_lag10": 0.04363817721605301,
          "term_slope_lag5": 0.04199926182627678,
          "vix_zscore_lag5": 0.03905685991048813
        }
      },
      {
        "fold": 4,
        "train_size": 260,
        "val_size": 42,
        "val_positive_rate": 0.8809523809523809,
        "model_metrics": {
          "precision": 0.8780487804878049,
          "recall": 0.972972972972973,
          "f1": 0.9230769230769231,
          "auc": 0.44324324324324327
        },
        "baseline_metrics": {
          "precision": 0.8260869565217391,
          "recall": 0.5135135135135135,
          "f1": 0.6333333333333333
        },
        "beats_baseline_auc": true,
        "beats_baseline_f1": true,
        "top_features": {
          "vix_spot_lag20": 0.0920131504535675,
          "vix_spot": 0.07532098144292831,
          "vix_percentile": 0.06881819665431976,
          "vvix": 0.06314662843942642,
          "spy_drawdown_lag5": 0.05007324740290642,
          "vix_spot_lag10": 0.047234587371349335,
          "spy_drawdown_lag20": 0.046850305050611496,
          "term_slope_lag5": 0.04035625979304314,
          "vvix_lag20": 0.03547050431370735,
          "spy_drawdown_lag10": 0.03359875828027725
        }
      },
      {
        "fold": 5,
        "train_size": 302,
        "val_size": 32,
        "val_positive_rate": 0.875,
        "model_metrics": {
          "precision": 0.8888888888888888,
          "recall": 0.8571428571428571,
          "f1": 0.8727272727272727,
          "auc": 0.5892857142857143
        },
        "baseline_metrics": {
          "precision": 1.0,
          "recall": 0.39285714285714285,
          "f1": 0.5641025641025641
        },
        "beats_baseline_auc": true,
        "beats_baseline_f1": true,
        "top_features": {
          "vix_percentile": 0.07183795422315598,
          "vix_spot_lag20": 0.05953790247440338,
          "vvix": 0.057527512311935425,
          "term_slope_lag5": 0.04095005989074707,
          "vvix_lag10": 0.036194656044244766,
          "vvix_lag3": 0.03414570912718773,
          "vix_zscore_lag5": 0.033393003046512604,
          "vix_spot_lag10": 0.031011229380965233,
          "vix_spot": 0.03048666939139366,
          "spy_drawdown_lag20": 0.030239030718803406
        }
      },
      {
        "fold": 6,
        "train_size": 334,
        "val_size": 60,
        "val_positive_rate": 0.95,
        "model_metrics": {
          "precision": 0.9444444444444444,
          "recall": 0.8947368421052632,
          "f1": 0.918918918918919,
          "auc": 0.7192982456140351
        },
        "baseline_metrics": {
          "precision": 1.0,
          "recall": 0.2631578947368421,
          "f1": 0.4166666666666667
        },
        "beats_baseline_auc": true,
        "beats_baseline_f1": true,
        "top_features": {
          "vix_percentile": 0.06569985300302505,
          "vix_spot_lag20": 0.054300229996442795,
          "vvix": 0.04921568185091019,
          "vvix_lag20": 0.046516790986061096,
          "vvix_lag10": 0.03967610374093056,
          "vvix_lag3": 0.03698898106813431,
          "term_slope_lag5": 0.03516436740756035,
          "vix_spot": 0.03368726372718811,
          "vix_zscore_lag3": 0.03344963863492012,
          "day_of_week": 0.031192854046821594
        }
      },
      {
        "fold": 7,
        "train_size": 394,
        "val_size": 25,
        "val_positive_rate": 0.88,
        "model_metrics": {
          "precision": 1.0,
          "recall": 0.22727272727272727,
          "f1": 0.37037037037037035,
          "auc": 0.7045454545454546
        },
        "baseline_metrics": {
          "precision": 0.8571428571428571,
          "recall": 0.2727272727272727,
          "f1": 0.41379310344827586
        },
        "beats_baseline_auc": true,
        "beats_baseline_f1": false,
        "top_features": {
          "vix_percentile": 0.08527504652738571,
          "vvix_lag1": 0.0741877481341362,
          "vvix_lag3": 0.07176365703344345,
          "vvix_lag10": 0.06299979984760284,
          "vvix": 0.060221198946237564,
          "vix_spot_lag10": 0.04750872775912285,
          "vix_spot_lag20": 0.04545876011252403,
          "term_slope_lag10": 0.04166533425450325,
          "vix9d_vix_ratio": 0.0376070998609066,
          "spy_velocity": 0.03573852404952049
        }
      },
      {
        "fold": 8,
        "train_size": 419,
        "val_size": 24,
        "val_positive_rate": 0.9583333333333334,
        "model_metrics": {
          "precision": 0.9583333333333334,
          "recall": 1.0,
          "f1": 0.9787234042553191,
          "auc": 0.34782608695652173
        },
        "baseline_metrics": {
          "precision": 0.9166666666666666,
          "recall": 0.4782608695652174,
          "f1": 0.6285714285714286
        },
        "beats_baseline_auc": true,
        "beats_baseline_f1": true,